wasm.union160fvsl34ngsz8q00q7xsdkmnf3rp8u3720uhh3plykhjs0qv86dq0m83cy/channel-17/1894,true,1697814647,380
wasm.union160fvsl34ngsz8q00q7xsdkmnf3rp8u3720uhh3plykhjs0qv86dq0m83cy/channel-17/2042,true,1697815798,361
wasm.union160fvsl34ngsz8q00q7xsdkmnf3rp8u3720uhh3plykhjs0qv86dq0m83cy/channel-17/1967,true,1697815030,186
wasm.union160fvsl34ngsz8q00q7xsdkmnf3rp8u3720uhh3plykhjs0qv86dq0m83cy/channel-17/2027,true,1697815798,480
wasm.union160fvsl34ngsz8q00q7xsdkmnf3rp8u3720uhh3plykhjs0qv86dq0m83cy/channel-17/1701,true,1697813110,360
wasm.union160fvsl34ngsz8q00q7xsdkmnf3rp8u3720uhh3plykhjs0qv86dq0m83cy/channel-17/1916,true,1697814647,204
wasm.union160fvsl34ngsz8q00q7xsdkmnf3rp8u3720uhh3plykhjs0qv86dq0m83cy/channel-17/1779,true,1697813876,510
ucs01-relay/channel-0/209,true,1697815500,470
wasm.union160fvsl34ngsz8q00q7xsdkmnf3rp8u3720uhh3plykhjs0qv86dq0m83cy/channel-17/1985,true,1697815413,429
wasm.union160fvsl34ngsz8q00q7xsdkmnf3rp8u3720uhh3plykhjs0qv86dq0m83cy/channel-17/2015,true,1697815413,191
wasm.union160fvsl34ngsz8q00q7xsdkmnf3rp8u3720uhh3plykhjs0qv86dq0m83cy/channel-17/1859,true,1697814261,266
wasm.union160fvsl34ngsz8q00q7xsdkmnf3rp8u3720uhh3plykhjs0qv86dq0m83cy/channel-17/1926,true,1697815030,508
wasm.union160fvsl34ngsz8q00q7xsdkmnf3rp8u3720uhh3plykhjs0qv86dq0m83cy/channel-17/1974,true,1697815413,513
wasm.union160fvsl34ngsz8q00q7xsdkmnf3rp8u3720uhh3plykhjs0qv86dq0m83cy/channel-17/2041,true,1697815798,373
wasm.union160fvsl34ngsz8q00q7xsdkmnf3rp8u3720uhh3plykhjs0qv86dq0m83cy/channel-17/1767,true,1697813492,223
wasm.union160fvsl34ngsz8q00q7xsdkmnf3rp8u3720uhh3plykhjs0qv86dq0m83cy/channel-17/1920,true,1697814647,176
wasm.union160fvsl34ngsz8q00q7xsdkmnf3rp8u3720uhh3plykhjs0qv86dq0m83cy/channel-17/1883,true,1697814647,464
wasm.union160fvsl34ngsz8q00q7xsdkmnf3rp8u3720uhh3plykhjs0qv86dq0m83cy/channel-17/1740,true,1697813492,438
wasm.union160fvsl34ngsz8q00q7xsdkmnf3rp8u3720uhh3plykhjs0qv86dq0m83cy/channel-17/1915,true,1697814647,215
wasm.union160fvsl34ngsz8q00q7xsdkmnf3rp8u3720uhh3plykhjs0qv86dq0m83cy/channel-17/1877,true,1697814647,509
wasm.union160fvsl34ngsz8q00q7xsdkmnf3rp8u3720uhh3plykhjs0qv86dq0m83cy/channel-17/1964,true,1697815030,209
ucs01-relay/channel-0/229,true,1697816252,75
ucs01-relay/channel-0/232,true,1697816660,99
wasm.union160fvsl34ngsz8q00q7xsdkmnf3rp8u3720uhh3plykhjs0qv86dq0m83cy/channel-17/1663,true,1697812720,270
wasm.union160fvsl34ngsz8q00q7xsdkmnf3rp8u3720uhh3plykhjs0qv86dq0m83cy/channel-17/1757,true,1697813492,302
wasm.union160fvsl34ngsz8q00q7xsdkmnf3rp8u3720uhh3plykhjs0qv86dq0m83cy/channel-17/1839,true,1697814261,427
wasm.union160fvsl34ngsz8q00q7xsdkmnf3rp8u3720uhh3plykhjs0qv86dq0m83cy/channel-17/1736,true,1697813492,467
wasm.union160fvsl34ngsz8q00q7xsdkmnf3rp8u3720uhh3plykhjs0qv86dq0m83cy/channel-17/1738,true,1697813492,450
wasm.union160fvsl34ngsz8q00q7xsdkmnf3rp8u3720uhh3plykhjs0qv86dq0m83cy/channel-17/1720,true,1697813110,214
wasm.union160fvsl34ngsz8q00q7xsdkmnf3rp8u3720uhh3plykhjs0qv86dq0m83cy/channel-17/1861,true,1697814261,255
wasm.union160fvsl34ngsz8q00q7xsdkmnf3rp8u3720uhh3plykhjs0qv86dq0m83cy/channel-17/1925,true,1697815030,520
wasm.union160fvsl34ngsz8q00q7xsdkmnf3rp8u3720uhh3plykhjs0qv86dq0m83cy/channel-17/1693,true,1697813110,422
wasm.union160fvsl34ngsz8q00q7xsdkmnf3rp8u3720uhh3plykhjs0qv86dq0m83cy/channel-17/1723,true,1697813110,187
wasm.union160fvsl34ngsz8q00q7xsdkmnf3rp8u3720uhh3plykhjs0qv86dq0m83cy/channel-17/1834,true,1697814261,466
wasm.union160fvsl34ngsz8q00q7xsdkmnf3rp8u3720uhh3plykhjs0qv86dq0m83cy/channel-17/1927,true,1697815030,503
wasm.union160fvsl34ngsz8q00q7xsdkmnf3rp8u3720uhh3plykhjs0qv86dq0m83cy/channel-17/1773,true,1697813492,177
wasm.union160fvsl34ngsz8q00q7xsdkmnf3rp8u3720uhh3plykhjs0qv86dq0m83cy/channel-17/1976,true,1697815413,502
wasm.union160fvsl34ngsz8q00q7xsdkmnf3rp8u3720uhh3plykhjs0qv86dq0m83cy/channel-17/1682,true,1697813110,513
ucs01-relay/channel-0/208,true,1697815546,516
wasm.union160fvsl34ngsz8q00q7xsdkmnf3rp8u3720uhh3plykhjs0qv86dq0m83cy/channel-17/1793,true,1697813876,405
wasm.union160fvsl34ngsz8q00q7xsdkmnf3rp8u3720uhh3plykhjs0qv86dq0m83cy/channel-17/1938,true,1697815030,413
wasm.union160fvsl34ngsz8q00q7xsdkmnf3rp8u3720uhh3plykhjs0qv86dq0m83cy/channel-17/2019,true,1697815413,162
wasm.union160fvsl34ngsz8q00q7xsdkmnf3rp8u3720uhh3plykhjs0qv86dq0m83cy/channel-17/2036,true,1697815798,412
wasm.union160fvsl34ngsz8q00q7xsdkmnf3rp8u3720uhh3plykhjs0qv86dq0m83cy/channel-17/1840,true,1697814261,416
wasm.union160fvsl34ngsz8q00q7xsdkmnf3rp8u3720uhh3plykhjs0qv86dq0m83cy/channel-17/2057,true,1697815798,246
wasm.union160fvsl34ngsz8q00q7xsdkmnf3rp8u3720uhh3plykhjs0qv86dq0m83cy/channel-17/2011,true,1697815413,224
wasm.union160fvsl34ngsz8q00q7xsdkmnf3rp8u3720uhh3plykhjs0qv86dq0m83cy/channel-17/1990,true,1697815413,388
ucs01-relay/channel-0/216,true,1697815518,105
ucs01-relay/channel-0/240,true,1697817405,460
wasm.union160fvsl34ngsz8q00q7xsdkmnf3rp8u3720uhh3plykhjs0qv86dq0m83cy/channel-17/1676,true,1697812720,168
wasm.union160fvsl34ngsz8q00q7xsdkmnf3rp8u3720uhh3plykhjs0qv86dq0m83cy/channel-17/1790,true,1697813876,428
wasm.union160fvsl34ngsz8q00q7xsdkmnf3rp8u3720uhh3plykhjs0qv86dq0m83cy/channel-17/1688,true,1697813110,462
wasm.union160fvsl34ngsz8q00q7xsdkmnf3rp8u3720uhh3plykhjs0qv86dq0m83cy/channel-17/1838,true,1697814261,433
wasm.union160fvsl34ngsz8q00q7xsdkmnf3rp8u3720uhh3plykhjs0qv86dq0m83cy/channel-17/1980,true,1697815413,467
ucs01-relay/channel-0/212,true,1697815518,488
wasm.union160fvsl34ngsz8q00q7xsdkmnf3rp8u3720uhh3plykhjs0qv86dq0m83cy/channel-17/2025,true,1697815798,497
ucs01-relay/channel-0/256,false,,
wasm.union160fvsl34ngsz8q00q7xsdkmnf3rp8u3720uhh3plykhjs0qv86dq0m83cy/channel-17/1668,true,1697812720,231
ucs01-relay/channel-0/241,true,1697817405,460
wasm.union160fvsl34ngsz8q00q7xsdkmnf3rp8u3720uhh3plykhjs0qv86dq0m83cy/channel-17/2038,true,1697815798,394
wasm.union160fvsl34ngsz8q00q7xsdkmnf3rp8u3720uhh3plykhjs0qv86dq0m83cy/channel-17/1695,true,1697813110,410
wasm.union160fvsl34ngsz8q00q7xsdkmnf3rp8u3720uhh3plykhjs0qv86dq0m83cy/channel-17/1896,true,1697814647,363
wasm.union160fvsl34ngsz8q00q7xsdkmnf3rp8u3720uhh3plykhjs0qv86dq0m83cy/channel-17/2007,true,1697815413,258
wasm.union160fvsl34ngsz8q00q7xsdkmnf3rp8u3720uhh3plykhjs0qv86dq0m83cy/channel-17/1951,true,1697815030,311
wasm.union160fvsl34ngsz8q00q7xsdkmnf3rp8u3720uhh3plykhjs0qv86dq0m83cy/channel-17/1710,true,1697813110,293
wasm.union160fvsl34ngsz8q00q7xsdkmnf3rp8u3720uhh3plykhjs0qv86dq0m83cy/channel-17/1776,true,1697813492,155
wasm.union160fvsl34ngsz8q00q7xsdkmnf3rp8u3720uhh3plykhjs0qv86dq0m83cy/channel-17/1805,true,1697813876,305
wasm.union160fvsl34ngsz8q00q7xsdkmnf3rp8u3720uhh3plykhjs0qv86dq0m83cy/channel-17/1979,true,1697815413,473
wasm.union160fvsl34ngsz8q00q7xsdkmnf3rp8u3720uhh3plykhjs0qv86dq0m83cy/channel-17/1755,true,1697813492,319
wasm.union160fvsl34ngsz8q00q7xsdkmnf3rp8u3720uhh3plykhjs0qv86dq0m83cy/channel-17/1904,true,1697814647,299
wasm.union160fvsl34ngsz8q00q7xsdkmnf3rp8u3720uhh3plykhjs0qv86dq0m83cy/channel-17/1770,true,1697813492,200
wasm.union160fvsl34ngsz8q00q7xsdkmnf3rp8u3720uhh3plykhjs0qv86dq0m83cy/channel-17/1823,true,1697814261,554
wasm.union160fvsl34ngsz8q00q7xsdkmnf3rp8u3720uhh3plykhjs0qv86dq0m83cy/channel-17/1873,true,1697814647,544
wasm.union160fvsl34ngsz8q00q7xsdkmnf3rp8u3720uhh3plykhjs0qv86dq0m83cy/channel-17/1885,true,1697814647,448
wasm.union160fvsl34ngsz8q00q7xsdkmnf3rp8u3720uhh3plykhjs0qv86dq0m83cy/channel-17/1705,true,1697813110,332
ucs01-relay/channel-0/192,false,,
wasm.union160fvsl34ngsz8q00q7xsdkmnf3rp8u3720uhh3plykhjs0qv86dq0m83cy/channel-17/1971,true,1697815030,153
wasm.union160fvsl34ngsz8q00q7xsdkmnf3rp8u3720uhh3plykhjs0qv86dq0m83cy/channel-17/1996,true,1697815413,343
ucs01-relay/channel-0/245,true,1697817410,465
ucs01-relay/channel-0/253,false,,
wasm.union160fvsl34ngsz8q00q7xsdkmnf3rp8u3720uhh3plykhjs0qv86dq0m83cy/channel-17/2001,true,1697815413,303
wasm.union160fvsl34ngsz8q00q7xsdkmnf3rp8u3720uhh3plykhjs0qv86dq0m83cy/channel-17/1809,true,1697813876,277
wasm.union160fvsl34ngsz8q00q7xsdkmnf3rp8u3720uhh3plykhjs0qv86dq0m83cy/channel-17/2059,true,1697815798,229
wasm.union160fvsl34ngsz8q00q7xsdkmnf3rp8u3720uhh3plykhjs0qv86dq0m83cy/channel-17/1765,true,1697813492,240
wasm.union160fvsl34ngsz8q00q7xsdkmnf3rp8u3720uhh3plykhjs0qv86dq0m83cy/channel-17/1826,true,1697814261,525
wasm.union160fvsl34ngsz8q00q7xsdkmnf3rp8u3720uhh3plykhjs0qv86dq0m83cy/channel-17/1989,true,1697815413,400
wasm.union160fvsl34ngsz8q00q7xsdkmnf3rp8u3720uhh3plykhjs0qv86dq0m83cy/channel-17/1811,true,1697813876,261
wasm.union160fvsl34ngsz8q00q7xsdkmnf3rp8u3720uhh3plykhjs0qv86dq0m83cy/channel-17/1943,true,1697815030,373
wasm.union160fvsl34ngsz8q00q7xsdkmnf3rp8u3720uhh3plykhjs0qv86dq0m83cy/channel-17/1715,false,,
wasm.union160fvsl34ngsz8q00q7xsdkmnf3rp8u3720uhh3plykhjs0qv86dq0m83cy/channel-17/1678,true,1697813110,541
ucs01-relay/channel-0/190,true,1697813548,438
wasm.union160fvsl34ngsz8q00q7xsdkmnf3rp8u3720uhh3plykhjs0qv86dq0m83cy/channel-17/1761,true,1697813492,273
wasm.union160fvsl34ngsz8q00q7xsdkmnf3rp8u3720uhh3plykhjs0qv86dq0m83cy/channel-17/1768,true,1697813492,217
wasm.union160fvsl34ngsz8q00q7xsdkmnf3rp8u3720uhh3plykhjs0qv86dq0m83cy/channel-17/1774,true,1697813492,165
ucs01-relay/channel-0/199,true,1697814692,431
wasm.union160fvsl34ngsz8q00q7xsdkmnf3rp8u3720uhh3plykhjs0qv86dq0m83cy/channel-17/1939,true,1697815030,407
wasm.union160fvsl34ngsz8q00q7xsdkmnf3rp8u3720uhh3plykhjs0qv86dq0m83cy/channel-17/1956,true,1697815030,271
wasm.union160fvsl34ngsz8q00q7xsdkmnf3rp8u3720uhh3plykhjs0qv86dq0m83cy/channel-17/1933,true,1697815030,452
wasm.union160fvsl34ngsz8q00q7xsdkmnf3rp8u3720uhh3plykhjs0qv86dq0m83cy/channel-17/1992,true,1697815413,372
ucs01-relay/channel-0/242,true,1697817405,460
wasm.union160fvsl34ngsz8q00q7xsdkmnf3rp8u3720uhh3plykhjs0qv86dq0m83cy/channel-17/1704,true,1697813110,338
ucs01-relay/channel-0/250,true,1697817410,84
wasm.union160fvsl34ngsz8q00q7xsdkmnf3rp8u3720uhh3plykhjs0qv86dq0m83cy/channel-17/2022,true,1697815798,519
wasm.union160fvsl34ngsz8q00q7xsdkmnf3rp8u3720uhh3plykhjs0qv86dq0m83cy/channel-17/1785,true,1697813876,463
wasm.union160fvsl34ngsz8q00q7xsdkmnf3rp8u3720uhh3plykhjs0qv86dq0m83cy/channel-17/1696,true,1697813110,400
wasm.union160fvsl34ngsz8q00q7xsdkmnf3rp8u3720uhh3plykhjs0qv86dq0m83cy/channel-17/2045,false,,
wasm.union160fvsl34ngsz8q00q7xsdkmnf3rp8u3720uhh3plykhjs0qv86dq0m83cy/channel-17/1772,true,1697813492,182
wasm.union160fvsl34ngsz8q00q7xsdkmnf3rp8u3720uhh3plykhjs0qv86dq0m83cy/channel-17/1707,true,1697813110,315
ucs01-relay/channel-0/261,false,,
wasm.union160fvsl34ngsz8q00q7xsdkmnf3rp8u3720uhh3plykhjs0qv86dq0m83cy/channel-17/1725,true,1697813110,174
wasm.union160fvsl34ngsz8q00q7xsdkmnf3rp8u3720uhh3plykhjs0qv86dq0m83cy/channel-17/1709,true,1697813110,299
wasm.union160fvsl34ngsz8q00q7xsdkmnf3rp8u3720uhh3plykhjs0qv86dq0m83cy/channel-17/1730,true,1697813492,518
wasm.union160fvsl34ngsz8q00q7xsdkmnf3rp8u3720uhh3plykhjs0qv86dq0m83cy/channel-17/1866,true,1697814647,600
wasm.union160fvsl34ngsz8q00q7xsdkmnf3rp8u3720uhh3plykhjs0qv86dq0m83cy/channel-17/1743,true,1697813492,415
wasm.union160fvsl34ngsz8q00q7xsdkmnf3rp8u3720uhh3plykhjs0qv86dq0m83cy/channel-17/1681,true,1697813110,519
wasm.union160fvsl34ngsz8q00q7xsdkmnf3rp8u3720uhh3plykhjs0qv86dq0m83cy/channel-17/1733,true,1697813492,495
wasm.union160fvsl34ngsz8q00q7xsdkmnf3rp8u3720uhh3plykhjs0qv86dq0m83cy/channel-17/1702,true,1697813110,355
wasm.union160fvsl34ngsz8q00q7xsdkmnf3rp8u3720uhh3plykhjs0qv86dq0m83cy/channel-17/1713,false,,
wasm.union160fvsl34ngsz8q00q7xsdkmnf3rp8u3720uhh3plykhjs0qv86dq0m83cy/channel-17/1923,true,1697814647,148
wasm.union160fvsl34ngsz8q00q7xsdkmnf3rp8u3720uhh3plykhjs0qv86dq0m83cy/channel-17/1792,true,1697813876,412
ucs01-relay/channel-0/204,true,1697815110,463
wasm.union160fvsl34ngsz8q00q7xsdkmnf3rp8u3720uhh3plykhjs0qv86dq0m83cy/channel-17/1981,true,1697815413,462
wasm.union160fvsl34ngsz8q00q7xsdkmnf3rp8u3720uhh3plykhjs0qv86dq0m83cy/channel-17/1972,true,1697815030,147
wasm.union160fvsl34ngsz8q00q7xsdkmnf3rp8u3720uhh3plykhjs0qv86dq0m83cy/channel-17/1745,true,1697813492,399
wasm.union160fvsl34ngsz8q00q7xsdkmnf3rp8u3720uhh3plykhjs0qv86dq0m83cy/channel-17/1747,true,1697813492,381
wasm.union160fvsl34ngsz8q00q7xsdkmnf3rp8u3720uhh3plykhjs0qv86dq0m83cy/channel-17/1946,true,1697815030,350
ucs01-relay/channel-0/188,true,1697813548,438
wasm.union160fvsl34ngsz8q00q7xsdkmnf3rp8u3720uhh3plykhjs0qv86dq0m83cy/channel-17/2056,true,1697815798,252
ucs01-relay/channel-0/231,true,1697816660,99
wasm.union160fvsl34ngsz8q00q7xsdkmnf3rp8u3720uhh3plykhjs0qv86dq0m83cy/channel-17/1691,true,1697813110,440
wasm.union160fvsl34ngsz8q00q7xsdkmnf3rp8u3720uhh3plykhjs0qv86dq0m83cy/channel-17/1717,true,1697813110,236
wasm.union160fvsl34ngsz8q00q7xsdkmnf3rp8u3720uhh3plykhjs0qv86dq0m83cy/channel-17/2039,true,1697815798,389
wasm.union160fvsl34ngsz8q00q7xsdkmnf3rp8u3720uhh3plykhjs0qv86dq0m83cy/channel-17/1722,true,1697813110,198
wasm.union160fvsl34ngsz8q00q7xsdkmnf3rp8u3720uhh3plykhjs0qv86dq0m83cy/channel-17/1689,true,1697813110,456
ucs01-relay/channel-0/255,false,,
wasm.union160fvsl34ngsz8q00q7xsdkmnf3rp8u3720uhh3plykhjs0qv86dq0m83cy/channel-17/1810,true,1697813876,267
wasm.union160fvsl34ngsz8q00q7xsdkmnf3rp8u3720uhh3plykhjs0qv86dq0m83cy/channel-17/2034,true,1697815798,430
wasm.union160fvsl34ngsz8q00q7xsdkmnf3rp8u3720uhh3plykhjs0qv86dq0m83cy/channel-17/1831,true,1697814261,490
wasm.union160fvsl34ngsz8q00q7xsdkmnf3rp8u3720uhh3plykhjs0qv86dq0m83cy/channel-17/1828,true,1697814261,514
wasm.union160fvsl34ngsz8q00q7xsdkmnf3rp8u3720uhh3plykhjs0qv86dq0m83cy/channel-17/1881,true,1697814647,482
wasm.union160fvsl34ngsz8q00q7xsdkmnf3rp8u3720uhh3plykhjs0qv86dq0m83cy/channel-17/1821,true,1697814261,565
wasm.union160fvsl34ngsz8q00q7xsdkmnf3rp8u3720uhh3plykhjs0qv86dq0m83cy/channel-17/1868,true,1697814261,198
wasm.union160fvsl34ngsz8q00q7xsdkmnf3rp8u3720uhh3plykhjs0qv86dq0m83cy/channel-17/1928,true,1697815030,491
wasm.union160fvsl34ngsz8q00q7xsdkmnf3rp8u3720uhh3plykhjs0qv86dq0m83cy/channel-17/1900,true,1697814647,328
wasm.union160fvsl34ngsz8q00q7xsdkmnf3rp8u3720uhh3plykhjs0qv86dq0m83cy/channel-17/1739,true,1697813492,444
wasm.union160fvsl34ngsz8q00q7xsdkmnf3rp8u3720uhh3plykhjs0qv86dq0m83cy/channel-17/1903,true,1697814647,304
wasm.union160fvsl34ngsz8q00q7xsdkmnf3rp8u3720uhh3plykhjs0qv86dq0m83cy/channel-17/1692,true,1697813110,434
wasm.union160fvsl34ngsz8q00q7xsdkmnf3rp8u3720uhh3plykhjs0qv86dq0m83cy/channel-17/1957,true,1697815030,266
wasm.union160fvsl34ngsz8q00q7xsdkmnf3rp8u3720uhh3plykhjs0qv86dq0m83cy/channel-17/1732,true,1697813492,500
wasm.union160fvsl34ngsz8q00q7xsdkmnf3rp8u3720uhh3plykhjs0qv86dq0m83cy/channel-17/1963,true,1697815030,221
wasm.union160fvsl34ngsz8q00q7xsdkmnf3rp8u3720uhh3plykhjs0qv86dq0m83cy/channel-17/1753,true,1697813492,335
wasm.union160fvsl34ngsz8q00q7xsdkmnf3rp8u3720uhh3plykhjs0qv86dq0m83cy/channel-17/1977,true,1697815413,490
wasm.union160fvsl34ngsz8q00q7xsdkmnf3rp8u3720uhh3plykhjs0qv86dq0m83cy/channel-17/2061,true,1697815798,213
ucs01-relay/channel-0/219,true,1697816246,448
wasm.union160fvsl34ngsz8q00q7xsdkmnf3rp8u3720uhh3plykhjs0qv86dq0m83cy/channel-17/1924,true,1697815030,525
wasm.union160fvsl34ngsz8q00q7xsdkmnf3rp8u3720uhh3plykhjs0qv86dq0m83cy/channel-17/1882,true,1697814647,470
wasm.union160fvsl34ngsz8q00q7xsdkmnf3rp8u3720uhh3plykhjs0qv86dq0m83cy/channel-17/1870,true,1697814261,181
wasm.union160fvsl34ngsz8q00q7xsdkmnf3rp8u3720uhh3plykhjs0qv86dq0m83cy/channel-17/1910,true,1697814647,254
ucs01-relay/channel-0/226,true,1697816279,481
wasm.union160fvsl34ngsz8q00q7xsdkmnf3rp8u3720uhh3plykhjs0qv86dq0m83cy/channel-17/1718,true,1697813110,225
wasm.union160fvsl34ngsz8q00q7xsdkmnf3rp8u3720uhh3plykhjs0qv86dq0m83cy/channel-17/2012,true,1697815413,219
wasm.union160fvsl34ngsz8q00q7xsdkmnf3rp8u3720uhh3plykhjs0qv86dq0m83cy/channel-17/2023,true,1697815798,514
wasm.union160fvsl34ngsz8q00q7xsdkmnf3rp8u3720uhh3plykhjs0qv86dq0m83cy/channel-17/2005,true,1697815413,270
wasm.union160fvsl34ngsz8q00q7xsdkmnf3rp8u3720uhh3plykhjs0qv86dq0m83cy/channel-17/1949,true,1697815030,327
wasm.union160fvsl34ngsz8q00q7xsdkmnf3rp8u3720uhh3plykhjs0qv86dq0m83cy/channel-17/1806,true,1697813876,300
wasm.union160fvsl34ngsz8q00q7xsdkmnf3rp8u3720uhh3plykhjs0qv86dq0m83cy/channel-17/2010,true,1697815413,230
wasm.union160fvsl34ngsz8q00q7xsdkmnf3rp8u3720uhh3plykhjs0qv86dq0m83cy/channel-17/2013,true,1697815413,207
wasm.union160fvsl34ngsz8q00q7xsdkmnf3rp8u3720uhh3plykhjs0qv86dq0m83cy/channel-17/2017,true,1697815413,179
wasm.union160fvsl34ngsz8q00q7xsdkmnf3rp8u3720uhh3plykhjs0qv86dq0m83cy/channel-17/1969,true,1697815030,169
wasm.union160fvsl34ngsz8q00q7xsdkmnf3rp8u3720uhh3plykhjs0qv86dq0m83cy/channel-17/1815,true,1697813876,226
wasm.union160fvsl34ngsz8q00q7xsdkmnf3rp8u3720uhh3plykhjs0qv86dq0m83cy/channel-17/1909,true,1697814647,260
ucs01-relay/channel-0/217,true,1697815558,145
wasm.union160fvsl34ngsz8q00q7xsdkmnf3rp8u3720uhh3plykhjs0qv86dq0m83cy/channel-17/1991,true,1697815413,383
ucs01-relay/channel-0/189,true,1697813548,438
wasm.union160fvsl34ngsz8q00q7xsdkmnf3rp8u3720uhh3plykhjs0qv86dq0m83cy/channel-17/1973,true,1697815413,524
wasm.union160fvsl34ngsz8q00q7xsdkmnf3rp8u3720uhh3plykhjs0qv86dq0m83cy/channel-17/2016,true,1697815413,185
wasm.union160fvsl34ngsz8q00q7xsdkmnf3rp8u3720uhh3plykhjs0qv86dq0m83cy/channel-17/1804,true,1697813876,316
wasm.union160fvsl34ngsz8q00q7xsdkmnf3rp8u3720uhh3plykhjs0qv86dq0m83cy/channel-17/1798,true,1697813876,363
wasm.union160fvsl34ngsz8q00q7xsdkmnf3rp8u3720uhh3plykhjs0qv86dq0m83cy/channel-17/1940,true,1697815030,401
wasm.union160fvsl34ngsz8q00q7xsdkmnf3rp8u3720uhh3plykhjs0qv86dq0m83cy/channel-17/1958,true,1697815030,255
wasm.union160fvsl34ngsz8q00q7xsdkmnf3rp8u3720uhh3plykhjs0qv86dq0m83cy/channel-17/2020,true,1697815413,152
ucs01-relay/channel-0/260,false,,
wasm.union160fvsl34ngsz8q00q7xsdkmnf3rp8u3720uhh3plykhjs0qv86dq0m83cy/channel-17/2051,true,1697815798,293
ucs01-relay/channel-0/262,false,,
ucs01-relay/channel-0/211,true,1697815534,504
ucs01-relay/channel-0/246,true,1697817410,465
ucs01-relay/channel-0/239,true,1697817405,460
wasm.union160fvsl34ngsz8q00q7xsdkmnf3rp8u3720uhh3plykhjs0qv86dq0m83cy/channel-17/1735,true,1697813492,478
wasm.union160fvsl34ngsz8q00q7xsdkmnf3rp8u3720uhh3plykhjs0qv86dq0m83cy/channel-17/1751,true,1697813492,348
wasm.union160fvsl34ngsz8q00q7xsdkmnf3rp8u3720uhh3plykhjs0qv86dq0m83cy/channel-17/1783,true,1697813876,482
wasm.union160fvsl34ngsz8q00q7xsdkmnf3rp8u3720uhh3plykhjs0qv86dq0m83cy/channel-17/1884,true,1697814647,459
wasm.union160fvsl34ngsz8q00q7xsdkmnf3rp8u3720uhh3plykhjs0qv86dq0m83cy/channel-17/1684,true,1697813110,496
wasm.union160fvsl34ngsz8q00q7xsdkmnf3rp8u3720uhh3plykhjs0qv86dq0m83cy/channel-17/1729,true,1697813110,142
ucs01-relay/channel-0/235,true,1697816660,99
wasm.union160fvsl34ngsz8q00q7xsdkmnf3rp8u3720uhh3plykhjs0qv86dq0m83cy/channel-17/2008,true,1697815413,246
wasm.union160fvsl34ngsz8q00q7xsdkmnf3rp8u3720uhh3plykhjs0qv86dq0m83cy/channel-17/1842,true,1697814261,398
wasm.union160fvsl34ngsz8q00q7xsdkmnf3rp8u3720uhh3plykhjs0qv86dq0m83cy/channel-17/1929,true,1697815030,486
wasm.union160fvsl34ngsz8q00q7xsdkmnf3rp8u3720uhh3plykhjs0qv86dq0m83cy/channel-17/1942,true,1697815030,385
wasm.union160fvsl34ngsz8q00q7xsdkmnf3rp8u3720uhh3plykhjs0qv86dq0m83cy/channel-17/1775,true,1697813492,160
wasm.union160fvsl34ngsz8q00q7xsdkmnf3rp8u3720uhh3plykhjs0qv86dq0m83cy/channel-17/2004,true,1697815413,281
wasm.union160fvsl34ngsz8q00q7xsdkmnf3rp8u3720uhh3plykhjs0qv86dq0m83cy/channel-17/1857,true,1697814261,283
wasm.union160fvsl34ngsz8q00q7xsdkmnf3rp8u3720uhh3plykhjs0qv86dq0m83cy/channel-17/2044,true,1697815798,351
ucs01-relay/channel-0/187,true,1697813560,450
wasm.union160fvsl34ngsz8q00q7xsdkmnf3rp8u3720uhh3plykhjs0qv86dq0m83cy/channel-17/1869,true,1697814261,192
wasm.union160fvsl34ngsz8q00q7xsdkmnf3rp8u3720uhh3plykhjs0qv86dq0m83cy/channel-17/1960,true,1697815030,244
ucs01-relay/channel-0/203,true,1697815077,430
wasm.union160fvsl34ngsz8q00q7xsdkmnf3rp8u3720uhh3plykhjs0qv86dq0m83cy/channel-17/1703,true,1697813110,344
wasm.union160fvsl34ngsz8q00q7xsdkmnf3rp8u3720uhh3plykhjs0qv86dq0m83cy/channel-17/1879,true,1697814647,497
wasm.union160fvsl34ngsz8q00q7xsdkmnf3rp8u3720uhh3plykhjs0qv86dq0m83cy/channel-17/1901,true,1697814647,321
wasm.union160fvsl34ngsz8q00q7xsdkmnf3rp8u3720uhh3plykhjs0qv86dq0m83cy/channel-17/1764,true,1697813492,245
wasm.union160fvsl34ngsz8q00q7xsdkmnf3rp8u3720uhh3plykhjs0qv86dq0m83cy/channel-17/2014,true,1697815413,201
wasm.union160fvsl34ngsz8q00q7xsdkmnf3rp8u3720uhh3plykhjs0qv86dq0m83cy/channel-17/1808,true,1697813876,284
ucs01-relay/channel-0/200,true,1697814698,437
wasm.union160fvsl34ngsz8q00q7xsdkmnf3rp8u3720uhh3plykhjs0qv86dq0m83cy/channel-17/1936,true,1697815030,429
wasm.union160fvsl34ngsz8q00q7xsdkmnf3rp8u3720uhh3plykhjs0qv86dq0m83cy/channel-17/1937,true,1697815030,424
wasm.union160fvsl34ngsz8q00q7xsdkmnf3rp8u3720uhh3plykhjs0qv86dq0m83cy/channel-17/1759,true,1697813492,284
wasm.union160fvsl34ngsz8q00q7xsdkmnf3rp8u3720uhh3plykhjs0qv86dq0m83cy/channel-17/1941,true,1697815030,390
wasm.union160fvsl34ngsz8q00q7xsdkmnf3rp8u3720uhh3plykhjs0qv86dq0m83cy/channel-17/1965,true,1697815030,203
wasm.union160fvsl34ngsz8q00q7xsdkmnf3rp8u3720uhh3plykhjs0qv86dq0m83cy/channel-17/1700,true,1697813110,372
wasm.union160fvsl34ngsz8q00q7xsdkmnf3rp8u3720uhh3plykhjs0qv86dq0m83cy/channel-17/1750,true,1697813492,359
wasm.union160fvsl34ngsz8q00q7xsdkmnf3rp8u3720uhh3plykhjs0qv86dq0m83cy/channel-17/2021,true,1697815413,145
wasm.union160fvsl34ngsz8q00q7xsdkmnf3rp8u3720uhh3plykhjs0qv86dq0m83cy/channel-17/1875,true,1697814647,527
wasm.union160fvsl34ngsz8q00q7xsdkmnf3rp8u3720uhh3plykhjs0qv86dq0m83cy/channel-17/2032,true,1697815798,440
wasm.union160fvsl34ngsz8q00q7xsdkmnf3rp8u3720uhh3plykhjs0qv86dq0m83cy/channel-17/1734,true,1697813492,483
ucs01-relay/channel-0/215,true,1697815534,121
wasm.union160fvsl34ngsz8q00q7xsdkmnf3rp8u3720uhh3plykhjs0qv86dq0m83cy/channel-17/2046,false,,
wasm.union160fvsl34ngsz8q00q7xsdkmnf3rp8u3720uhh3plykhjs0qv86dq0m83cy/channel-17/2060,true,1697815798,224
ucs01-relay/channel-0/252,false,,
wasm.union160fvsl34ngsz8q00q7xsdkmnf3rp8u3720uhh3plykhjs0qv86dq0m83cy/channel-17/1685,true,1697813110,490
wasm.union160fvsl34ngsz8q00q7xsdkmnf3rp8u3720uhh3plykhjs0qv86dq0m83cy/channel-17/1716,true,1697813110,242
ucs01-relay/channel-0/196,true,1697814326,450
wasm.union160fvsl34ngsz8q00q7xsdkmnf3rp8u3720uhh3plykhjs0qv86dq0m83cy/channel-17/1766,true,1697813492,228
ucs01-relay/channel-0/205,true,1697815105,458
wasm.union160fvsl34ngsz8q00q7xsdkmnf3rp8u3720uhh3plykhjs0qv86dq0m83cy/channel-17/1664,true,1697812720,264
wasm.union160fvsl34ngsz8q00q7xsdkmnf3rp8u3720uhh3plykhjs0qv86dq0m83cy/channel-17/1726,true,1697813110,164
ucs01-relay/channel-0/193,false,,
wasm.union160fvsl34ngsz8q00q7xsdkmnf3rp8u3720uhh3plykhjs0qv86dq0m83cy/channel-17/1994,true,1697815413,355
wasm.union160fvsl34ngsz8q00q7xsdkmnf3rp8u3720uhh3plykhjs0qv86dq0m83cy/channel-17/1997,true,1697815413,331
wasm.union160fvsl34ngsz8q00q7xsdkmnf3rp8u3720uhh3plykhjs0qv86dq0m83cy/channel-17/2009,true,1697815413,242
ucs01-relay/channel-0/249,true,1697817405,79
wasm.union160fvsl34ngsz8q00q7xsdkmnf3rp8u3720uhh3plykhjs0qv86dq0m83cy/channel-17/1731,true,1697813492,506
ucs01-relay/channel-0/254,false,,
wasm.union160fvsl34ngsz8q00q7xsdkmnf3rp8u3720uhh3plykhjs0qv86dq0m83cy/channel-17/1787,true,1697813876,446
wasm.union160fvsl34ngsz8q00q7xsdkmnf3rp8u3720uhh3plykhjs0qv86dq0m83cy/channel-17/1952,true,1697815030,304
ucs01-relay/channel-0/222,true,1697816246,448
wasm.union160fvsl34ngsz8q00q7xsdkmnf3rp8u3720uhh3plykhjs0qv86dq0m83cy/channel-17/1711,true,1697813110,282
wasm.union160fvsl34ngsz8q00q7xsdkmnf3rp8u3720uhh3plykhjs0qv86dq0m83cy/channel-17/1921,true,1697814647,165
wasm.union160fvsl34ngsz8q00q7xsdkmnf3rp8u3720uhh3plykhjs0qv86dq0m83cy/channel-17/1670,true,1697812720,213
wasm.union160fvsl34ngsz8q00q7xsdkmnf3rp8u3720uhh3plykhjs0qv86dq0m83cy/channel-17/1945,true,1697815030,361
wasm.union160fvsl34ngsz8q00q7xsdkmnf3rp8u3720uhh3plykhjs0qv86dq0m83cy/channel-17/1913,true,1697814647,232
wasm.union160fvsl34ngsz8q00q7xsdkmnf3rp8u3720uhh3plykhjs0qv86dq0m83cy/channel-17/1748,true,1697813492,376
wasm.union160fvsl34ngsz8q00q7xsdkmnf3rp8u3720uhh3plykhjs0qv86dq0m83cy/channel-17/1914,true,1697814647,221
ucs01-relay/channel-0/206,true,1697815077,430
ucs01-relay/channel-0/224,true,1697816257,459
wasm.union160fvsl34ngsz8q00q7xsdkmnf3rp8u3720uhh3plykhjs0qv86dq0m83cy/channel-17/1667,true,1697812720,240
ucs01-relay/channel-0/227,true,1697816257,80
wasm.union160fvsl34ngsz8q00q7xsdkmnf3rp8u3720uhh3plykhjs0qv86dq0m83cy/channel-17/1800,true,1697813876,346
wasm.union160fvsl34ngsz8q00q7xsdkmnf3rp8u3720uhh3plykhjs0qv86dq0m83cy/channel-17/1675,true,1697812720,174
wasm.union160fvsl34ngsz8q00q7xsdkmnf3rp8u3720uhh3plykhjs0qv86dq0m83cy/channel-17/1744,true,1697813492,404
wasm.union160fvsl34ngsz8q00q7xsdkmnf3rp8u3720uhh3plykhjs0qv86dq0m83cy/channel-17/1889,true,1697814647,419
wasm.union160fvsl34ngsz8q00q7xsdkmnf3rp8u3720uhh3plykhjs0qv86dq0m83cy/channel-17/1932,true,1697815030,464
wasm.union160fvsl34ngsz8q00q7xsdkmnf3rp8u3720uhh3plykhjs0qv86dq0m83cy/channel-17/1999,true,1697815413,320
wasm.union160fvsl34ngsz8q00q7xsdkmnf3rp8u3720uhh3plykhjs0qv86dq0m83cy/channel-17/1918,true,1697814647,187
wasm.union160fvsl34ngsz8q00q7xsdkmnf3rp8u3720uhh3plykhjs0qv86dq0m83cy/channel-17/1781,true,1697813876,499
wasm.union160fvsl34ngsz8q00q7xsdkmnf3rp8u3720uhh3plykhjs0qv86dq0m83cy/channel-17/2031,true,1697815798,452
wasm.union160fvsl34ngsz8q00q7xsdkmnf3rp8u3720uhh3plykhjs0qv86dq0m83cy/channel-17/1986,true,1697815413,417
wasm.union160fvsl34ngsz8q00q7xsdkmnf3rp8u3720uhh3plykhjs0qv86dq0m83cy/channel-17/2030,true,1697815798,457
wasm.union160fvsl34ngsz8q00q7xsdkmnf3rp8u3720uhh3plykhjs0qv86dq0m83cy/channel-17/1727,true,1697813110,158
wasm.union160fvsl34ngsz8q00q7xsdkmnf3rp8u3720uhh3plykhjs0qv86dq0m83cy/channel-17/2006,true,1697815413,264
ucs01-relay/channel-0/202,true,1697814687,426
ucs01-relay/channel-0/237,true,1697816660,99
ucs01-relay/channel-0/259,false,,
wasm.union160fvsl34ngsz8q00q7xsdkmnf3rp8u3720uhh3plykhjs0qv86dq0m83cy/channel-17/1970,true,1697815030,164
wasm.union160fvsl34ngsz8q00q7xsdkmnf3rp8u3720uhh3plykhjs0qv86dq0m83cy/channel-17/1872,true,1697814647,551
ucs01-relay/channel-0/191,false,,
wasm.union160fvsl34ngsz8q00q7xsdkmnf3rp8u3720uhh3plykhjs0qv86dq0m83cy/channel-17/2054,true,1697815798,269
wasm.union160fvsl34ngsz8q00q7xsdkmnf3rp8u3720uhh3plykhjs0qv86dq0m83cy/channel-17/1858,true,1697814261,278
ucs01-relay/channel-0/213,true,1697815523,493
wasm.union160fvsl34ngsz8q00q7xsdkmnf3rp8u3720uhh3plykhjs0qv86dq0m83cy/channel-17/1998,true,1697815413,325
ucs01-relay/channel-0/197,true,1697814326,450
wasm.union160fvsl34ngsz8q00q7xsdkmnf3rp8u3720uhh3plykhjs0qv86dq0m83cy/channel-17/1871,true,1697814261,175
wasm.union160fvsl34ngsz8q00q7xsdkmnf3rp8u3720uhh3plykhjs0qv86dq0m83cy/channel-17/2052,true,1697815798,287
ucs01-relay/channel-0/230,true,1697816257,80
ucs01-relay/channel-0/195,true,1697814343,467
wasm.union160fvsl34ngsz8q00q7xsdkmnf3rp8u3720uhh3plykhjs0qv86dq0m83cy/channel-17/1680,true,1697813110,524
wasm.union160fvsl34ngsz8q00q7xsdkmnf3rp8u3720uhh3plykhjs0qv86dq0m83cy/channel-17/1719,true,1697813110,220
ucs01-relay/channel-0/198,true,1697814326,450
wasm.union160fvsl34ngsz8q00q7xsdkmnf3rp8u3720uhh3plykhjs0qv86dq0m83cy/channel-17/1865,true,1697814647,606
wasm.union160fvsl34ngsz8q00q7xsdkmnf3rp8u3720uhh3plykhjs0qv86dq0m83cy/channel-17/1891,true,1697814647,402
wasm.union160fvsl34ngsz8q00q7xsdkmnf3rp8u3720uhh3plykhjs0qv86dq0m83cy/channel-17/1754,true,1697813492,325
wasm.union160fvsl34ngsz8q00q7xsdkmnf3rp8u3720uhh3plykhjs0qv86dq0m83cy/channel-17/1934,true,1697815030,446
wasm.union160fvsl34ngsz8q00q7xsdkmnf3rp8u3720uhh3plykhjs0qv86dq0m83cy/channel-17/1954,true,1697815030,289
wasm.union160fvsl34ngsz8q00q7xsdkmnf3rp8u3720uhh3plykhjs0qv86dq0m83cy/channel-17/1694,true,1697813110,417
wasm.union160fvsl34ngsz8q00q7xsdkmnf3rp8u3720uhh3plykhjs0qv86dq0m83cy/channel-17/1983,true,1697815413,445
wasm.union160fvsl34ngsz8q00q7xsdkmnf3rp8u3720uhh3plykhjs0qv86dq0m83cy/channel-17/1671,true,1697812720,208
wasm.union160fvsl34ngsz8q00q7xsdkmnf3rp8u3720uhh3plykhjs0qv86dq0m83cy/channel-17/1706,true,1697813110,321
wasm.union160fvsl34ngsz8q00q7xsdkmnf3rp8u3720uhh3plykhjs0qv86dq0m83cy/channel-17/1708,true,1697813110,305
wasm.union160fvsl34ngsz8q00q7xsdkmnf3rp8u3720uhh3plykhjs0qv86dq0m83cy/channel-17/1769,true,1697813492,206
wasm.union160fvsl34ngsz8q00q7xsdkmnf3rp8u3720uhh3plykhjs0qv86dq0m83cy/channel-17/1893,true,1697814647,385
ucs01-relay/channel-0/207,true,1697815518,488
wasm.union160fvsl34ngsz8q00q7xsdkmnf3rp8u3720uhh3plykhjs0qv86dq0m83cy/channel-17/2033,true,1697815798,435
wasm.union160fvsl34ngsz8q00q7xsdkmnf3rp8u3720uhh3plykhjs0qv86dq0m83cy/channel-17/2024,true,1697815798,508
wasm.union160fvsl34ngsz8q00q7xsdkmnf3rp8u3720uhh3plykhjs0qv86dq0m83cy/channel-17/1780,true,1697813876,505
wasm.union160fvsl34ngsz8q00q7xsdkmnf3rp8u3720uhh3plykhjs0qv86dq0m83cy/channel-17/1902,true,1697814647,316
ucs01-relay/channel-0/223,true,1697816279,481
wasm.union160fvsl34ngsz8q00q7xsdkmnf3rp8u3720uhh3plykhjs0qv86dq0m83cy/channel-17/1922,true,1697814647,159
wasm.union160fvsl34ngsz8q00q7xsdkmnf3rp8u3720uhh3plykhjs0qv86dq0m83cy/channel-17/1690,true,1697813110,446
wasm.union160fvsl34ngsz8q00q7xsdkmnf3rp8u3720uhh3plykhjs0qv86dq0m83cy/channel-17/1665,true,1697812720,254
wasm.union160fvsl34ngsz8q00q7xsdkmnf3rp8u3720uhh3plykhjs0qv86dq0m83cy/channel-17/1683,true,1697813110,502
wasm.union160fvsl34ngsz8q00q7xsdkmnf3rp8u3720uhh3plykhjs0qv86dq0m83cy/channel-17/1794,true,1697813876,394
wasm.union160fvsl34ngsz8q00q7xsdkmnf3rp8u3720uhh3plykhjs0qv86dq0m83cy/channel-17/1712,false,,
wasm.union160fvsl34ngsz8q00q7xsdkmnf3rp8u3720uhh3plykhjs0qv86dq0m83cy/channel-17/1867,true,1697814261,203
wasm.union160fvsl34ngsz8q00q7xsdkmnf3rp8u3720uhh3plykhjs0qv86dq0m83cy/channel-17/1919,true,1697814647,181
wasm.union160fvsl34ngsz8q00q7xsdkmnf3rp8u3720uhh3plykhjs0qv86dq0m83cy/channel-17/1961,true,1697815030,232
wasm.union160fvsl34ngsz8q00q7xsdkmnf3rp8u3720uhh3plykhjs0qv86dq0m83cy/channel-17/1796,true,1697813876,376
wasm.union160fvsl34ngsz8q00q7xsdkmnf3rp8u3720uhh3plykhjs0qv86dq0m83cy/channel-17/2029,true,1697815798,469
wasm.union160fvsl34ngsz8q00q7xsdkmnf3rp8u3720uhh3plykhjs0qv86dq0m83cy/channel-17/1674,true,1697812720,186
wasm.union160fvsl34ngsz8q00q7xsdkmnf3rp8u3720uhh3plykhjs0qv86dq0m83cy/channel-17/1697,true,1697813110,395
wasm.union160fvsl34ngsz8q00q7xsdkmnf3rp8u3720uhh3plykhjs0qv86dq0m83cy/channel-17/1892,true,1697814647,397
wasm.union160fvsl34ngsz8q00q7xsdkmnf3rp8u3720uhh3plykhjs0qv86dq0m83cy/channel-17/1953,true,1697815030,299
wasm.union160fvsl34ngsz8q00q7xsdkmnf3rp8u3720uhh3plykhjs0qv86dq0m83cy/channel-17/1886,true,1697814647,442
wasm.union160fvsl34ngsz8q00q7xsdkmnf3rp8u3720uhh3plykhjs0qv86dq0m83cy/channel-17/1911,true,1697814647,243
wasm.union160fvsl34ngsz8q00q7xsdkmnf3rp8u3720uhh3plykhjs0qv86dq0m83cy/channel-17/1968,true,1697815030,181
wasm.union160fvsl34ngsz8q00q7xsdkmnf3rp8u3720uhh3plykhjs0qv86dq0m83cy/channel-17/1742,true,1697813492,420
wasm.union160fvsl34ngsz8q00q7xsdkmnf3rp8u3720uhh3plykhjs0qv86dq0m83cy/channel-17/1686,true,1697813110,478
wasm.union160fvsl34ngsz8q00q7xsdkmnf3rp8u3720uhh3plykhjs0qv86dq0m83cy/channel-17/1807,true,1697813876,293
wasm.union160fvsl34ngsz8q00q7xsdkmnf3rp8u3720uhh3plykhjs0qv86dq0m83cy/channel-17/1843,true,1697814261,393
wasm.union160fvsl34ngsz8q00q7xsdkmnf3rp8u3720uhh3plykhjs0qv86dq0m83cy/channel-17/1912,true,1697814647,237
wasm.union160fvsl34ngsz8q00q7xsdkmnf3rp8u3720uhh3plykhjs0qv86dq0m83cy/channel-17/1948,true,1697815030,332
wasm.union160fvsl34ngsz8q00q7xsdkmnf3rp8u3720uhh3plykhjs0qv86dq0m83cy/channel-17/1975,true,1697815413,508
wasm.union160fvsl34ngsz8q00q7xsdkmnf3rp8u3720uhh3plykhjs0qv86dq0m83cy/channel-17/1982,true,1697815413,451
wasm.union160fvsl34ngsz8q00q7xsdkmnf3rp8u3720uhh3plykhjs0qv86dq0m83cy/channel-17/1988,true,1697815413,406
wasm.union160fvsl34ngsz8q00q7xsdkmnf3rp8u3720uhh3plykhjs0qv86dq0m83cy/channel-17/2000,true,1697815413,308
wasm.union160fvsl34ngsz8q00q7xsdkmnf3rp8u3720uhh3plykhjs0qv86dq0m83cy/channel-17/1673,true,1697812720,190
wasm.union160fvsl34ngsz8q00q7xsdkmnf3rp8u3720uhh3plykhjs0qv86dq0m83cy/channel-17/2037,true,1697815798,406
wasm.union160fvsl34ngsz8q00q7xsdkmnf3rp8u3720uhh3plykhjs0qv86dq0m83cy/channel-17/2040,true,1697815798,379
ucs01-relay/channel-0/220,true,1697816274,476
ucs01-relay/channel-0/228,true,1697816252,75
wasm.union160fvsl34ngsz8q00q7xsdkmnf3rp8u3720uhh3plykhjs0qv86dq0m83cy/channel-17/2055,true,1697815798,264
ucs01-relay/channel-0/238,true,1697816660,99
wasm.union160fvsl34ngsz8q00q7xsdkmnf3rp8u3720uhh3plykhjs0qv86dq0m83cy/channel-17/1935,true,1697815030,440
ucs01-relay/channel-0/247,true,1697817410,84
ucs01-relay/channel-0/257,false,,
wasm.union160fvsl34ngsz8q00q7xsdkmnf3rp8u3720uhh3plykhjs0qv86dq0m83cy/channel-17/1898,true,1697814647,345
wasm.union160fvsl34ngsz8q00q7xsdkmnf3rp8u3720uhh3plykhjs0qv86dq0m83cy/channel-17/1880,true,1697814647,488
wasm.union160fvsl34ngsz8q00q7xsdkmnf3rp8u3720uhh3plykhjs0qv86dq0m83cy/channel-17/1699,true,1697813110,377
wasm.union160fvsl34ngsz8q00q7xsdkmnf3rp8u3720uhh3plykhjs0qv86dq0m83cy/channel-17/1816,true,1697813876,220
wasm.union160fvsl34ngsz8q00q7xsdkmnf3rp8u3720uhh3plykhjs0qv86dq0m83cy/channel-17/1724,true,1697813110,181
wasm.union160fvsl34ngsz8q00q7xsdkmnf3rp8u3720uhh3plykhjs0qv86dq0m83cy/channel-17/1789,true,1697813876,433
wasm.union160fvsl34ngsz8q00q7xsdkmnf3rp8u3720uhh3plykhjs0qv86dq0m83cy/channel-17/1959,true,1697815030,249
wasm.union160fvsl34ngsz8q00q7xsdkmnf3rp8u3720uhh3plykhjs0qv86dq0m83cy/channel-17/1864,true,1697814261,226
wasm.union160fvsl34ngsz8q00q7xsdkmnf3rp8u3720uhh3plykhjs0qv86dq0m83cy/channel-17/1917,true,1697814647,198
wasm.union160fvsl34ngsz8q00q7xsdkmnf3rp8u3720uhh3plykhjs0qv86dq0m83cy/channel-17/1714,false,,
wasm.union160fvsl34ngsz8q00q7xsdkmnf3rp8u3720uhh3plykhjs0qv86dq0m83cy/channel-17/1984,true,1697815413,435
wasm.union160fvsl34ngsz8q00q7xsdkmnf3rp8u3720uhh3plykhjs0qv86dq0m83cy/channel-17/1763,true,1697813492,257
wasm.union160fvsl34ngsz8q00q7xsdkmnf3rp8u3720uhh3plykhjs0qv86dq0m83cy/channel-17/1698,true,1697813110,383
ucs01-relay/channel-0/218,true,1697815523,110
wasm.union160fvsl34ngsz8q00q7xsdkmnf3rp8u3720uhh3plykhjs0qv86dq0m83cy/channel-17/2047,true,1697815798,327
wasm.union160fvsl34ngsz8q00q7xsdkmnf3rp8u3720uhh3plykhjs0qv86dq0m83cy/channel-17/2049,true,1697815798,310
wasm.union160fvsl34ngsz8q00q7xsdkmnf3rp8u3720uhh3plykhjs0qv86dq0m83cy/channel-17/1890,true,1697814647,408
wasm.union160fvsl34ngsz8q00q7xsdkmnf3rp8u3720uhh3plykhjs0qv86dq0m83cy/channel-17/1741,true,1697813492,427
ucs01-relay/channel-0/225,true,1697816252,454
ucs01-relay/channel-0/236,true,1697816660,99
wasm.union160fvsl34ngsz8q00q7xsdkmnf3rp8u3720uhh3plykhjs0qv86dq0m83cy/channel-17/2002,true,1697815413,292
wasm.union160fvsl34ngsz8q00q7xsdkmnf3rp8u3720uhh3plykhjs0qv86dq0m83cy/channel-17/1930,true,1697815030,481
wasm.union160fvsl34ngsz8q00q7xsdkmnf3rp8u3720uhh3plykhjs0qv86dq0m83cy/channel-17/1908,true,1697814647,265
wasm.union160fvsl34ngsz8q00q7xsdkmnf3rp8u3720uhh3plykhjs0qv86dq0m83cy/channel-17/1669,true,1697812720,225
wasm.union160fvsl34ngsz8q00q7xsdkmnf3rp8u3720uhh3plykhjs0qv86dq0m83cy/channel-17/1771,true,1697813492,194
wasm.union160fvsl34ngsz8q00q7xsdkmnf3rp8u3720uhh3plykhjs0qv86dq0m83cy/channel-17/1906,true,1697814647,283
wasm.union160fvsl34ngsz8q00q7xsdkmnf3rp8u3720uhh3plykhjs0qv86dq0m83cy/channel-17/1887,true,1697814647,431
wasm.union160fvsl34ngsz8q00q7xsdkmnf3rp8u3720uhh3plykhjs0qv86dq0m83cy/channel-17/1721,true,1697813110,203
wasm.union160fvsl34ngsz8q00q7xsdkmnf3rp8u3720uhh3plykhjs0qv86dq0m83cy/channel-17/1895,true,1697814647,368
wasm.union160fvsl34ngsz8q00q7xsdkmnf3rp8u3720uhh3plykhjs0qv86dq0m83cy/channel-17/1784,true,1697813876,475
ucs01-relay/channel-0/210,true,1697815558,528
wasm.union160fvsl34ngsz8q00q7xsdkmnf3rp8u3720uhh3plykhjs0qv86dq0m83cy/channel-17/1950,true,1697815030,322
wasm.union160fvsl34ngsz8q00q7xsdkmnf3rp8u3720uhh3plykhjs0qv86dq0m83cy/channel-17/2003,true,1697815413,287
wasm.union160fvsl34ngsz8q00q7xsdkmnf3rp8u3720uhh3plykhjs0qv86dq0m83cy/channel-17/2026,true,1697815798,491
wasm.union160fvsl34ngsz8q00q7xsdkmnf3rp8u3720uhh3plykhjs0qv86dq0m83cy/channel-17/1802,true,1697813876,328
wasm.union160fvsl34ngsz8q00q7xsdkmnf3rp8u3720uhh3plykhjs0qv86dq0m83cy/channel-17/1987,true,1697815413,412
wasm.union160fvsl34ngsz8q00q7xsdkmnf3rp8u3720uhh3plykhjs0qv86dq0m83cy/channel-17/1687,true,1697813110,473
wasm.union160fvsl34ngsz8q00q7xsdkmnf3rp8u3720uhh3plykhjs0qv86dq0m83cy/channel-17/1788,true,1697813876,440
wasm.union160fvsl34ngsz8q00q7xsdkmnf3rp8u3720uhh3plykhjs0qv86dq0m83cy/channel-17/1874,true,1697814647,533
wasm.union160fvsl34ngsz8q00q7xsdkmnf3rp8u3720uhh3plykhjs0qv86dq0m83cy/channel-17/1962,true,1697815030,226
wasm.union160fvsl34ngsz8q00q7xsdkmnf3rp8u3720uhh3plykhjs0qv86dq0m83cy/channel-17/1995,true,1697815413,348
wasm.union160fvsl34ngsz8q00q7xsdkmnf3rp8u3720uhh3plykhjs0qv86dq0m83cy/channel-17/1672,true,1697812720,202
wasm.union160fvsl34ngsz8q00q7xsdkmnf3rp8u3720uhh3plykhjs0qv86dq0m83cy/channel-17/1677,true,1697813110,552
wasm.union160fvsl34ngsz8q00q7xsdkmnf3rp8u3720uhh3plykhjs0qv86dq0m83cy/channel-17/2050,true,1697815798,298
wasm.union160fvsl34ngsz8q00q7xsdkmnf3rp8u3720uhh3plykhjs0qv86dq0m83cy/channel-17/2053,true,1697815798,275
wasm.union160fvsl34ngsz8q00q7xsdkmnf3rp8u3720uhh3plykhjs0qv86dq0m83cy/channel-17/2058,true,1697815798,234
wasm.union160fvsl34ngsz8q00q7xsdkmnf3rp8u3720uhh3plykhjs0qv86dq0m83cy/channel-17/1966,true,1697815030,192
wasm.union160fvsl34ngsz8q00q7xsdkmnf3rp8u3720uhh3plykhjs0qv86dq0m83cy/channel-17/2028,true,1697815798,475
ucs01-relay/channel-0/221,true,1697816274,476
ucs01-relay/channel-0/233,true,1697816660,99
wasm.union160fvsl34ngsz8q00q7xsdkmnf3rp8u3720uhh3plykhjs0qv86dq0m83cy/channel-17/1762,true,1697813492,263
wasm.union160fvsl34ngsz8q00q7xsdkmnf3rp8u3720uhh3plykhjs0qv86dq0m83cy/channel-17/1662,true,1697812720,276
wasm.union160fvsl34ngsz8q00q7xsdkmnf3rp8u3720uhh3plykhjs0qv86dq0m83cy/channel-17/1832,true,1697814261,479
wasm.union160fvsl34ngsz8q00q7xsdkmnf3rp8u3720uhh3plykhjs0qv86dq0m83cy/channel-17/1666,true,1697812720,246
wasm.union160fvsl34ngsz8q00q7xsdkmnf3rp8u3720uhh3plykhjs0qv86dq0m83cy/channel-17/1777,true,1697813492,143
ucs01-relay/channel-0/194,false,,
wasm.union160fvsl34ngsz8q00q7xsdkmnf3rp8u3720uhh3plykhjs0qv86dq0m83cy/channel-17/1978,true,1697815413,484
wasm.union160fvsl34ngsz8q00q7xsdkmnf3rp8u3720uhh3plykhjs0qv86dq0m83cy/channel-17/1897,true,1697814647,357
ucs01-relay/channel-0/248,true,1697817405,79
wasm.union160fvsl34ngsz8q00q7xsdkmnf3rp8u3720uhh3plykhjs0qv86dq0m83cy/channel-17/1752,true,1697813492,341
wasm.union160fvsl34ngsz8q00q7xsdkmnf3rp8u3720uhh3plykhjs0qv86dq0m83cy/channel-17/2048,true,1697815798,316
wasm.union160fvsl34ngsz8q00q7xsdkmnf3rp8u3720uhh3plykhjs0qv86dq0m83cy/channel-17/1899,true,1697814647,340
ucs01-relay/channel-0/234,true,1697816660,99
ucs01-relay/channel-0/258,false,,
ucs01-relay/channel-0/243,true,1697817405,460
ucs01-relay/channel-0/201,true,1697814675,414
ucs01-relay/channel-0/244,true,1697817405,460
wasm.union160fvsl34ngsz8q00q7xsdkmnf3rp8u3720uhh3plykhjs0qv86dq0m83cy/channel-17/1851,true,1697814261,329
wasm.union160fvsl34ngsz8q00q7xsdkmnf3rp8u3720uhh3plykhjs0qv86dq0m83cy/channel-17/1756,true,1697813492,308
wasm.union160fvsl34ngsz8q00q7xsdkmnf3rp8u3720uhh3plykhjs0qv86dq0m83cy/channel-17/1955,true,1697815030,283
wasm.union160fvsl34ngsz8q00q7xsdkmnf3rp8u3720uhh3plykhjs0qv86dq0m83cy/channel-17/1803,true,1697813876,323
wasm.union160fvsl34ngsz8q00q7xsdkmnf3rp8u3720uhh3plykhjs0qv86dq0m83cy/channel-17/1947,true,1697815030,343
wasm.union160fvsl34ngsz8q00q7xsdkmnf3rp8u3720uhh3plykhjs0qv86dq0m83cy/channel-17/1791,true,1697813876,417
wasm.union160fvsl34ngsz8q00q7xsdkmnf3rp8u3720uhh3plykhjs0qv86dq0m83cy/channel-17/1993,true,1697815413,366
wasm.union160fvsl34ngsz8q00q7xsdkmnf3rp8u3720uhh3plykhjs0qv86dq0m83cy/channel-17/2035,true,1697815798,418
wasm.union160fvsl34ngsz8q00q7xsdkmnf3rp8u3720uhh3plykhjs0qv86dq0m83cy/channel-17/1931,true,1697815030,469
wasm.union160fvsl34ngsz8q00q7xsdkmnf3rp8u3720uhh3plykhjs0qv86dq0m83cy/channel-17/1746,true,1697813492,387
wasm.union160fvsl34ngsz8q00q7xsdkmnf3rp8u3720uhh3plykhjs0qv86dq0m83cy/channel-17/2043,true,1697815798,355
wasm.union160fvsl34ngsz8q00q7xsdkmnf3rp8u3720uhh3plykhjs0qv86dq0m83cy/channel-17/1905,true,1697814647,293
wasm.union160fvsl34ngsz8q00q7xsdkmnf3rp8u3720uhh3plykhjs0qv86dq0m83cy/channel-17/1728,true,1697813110,152
wasm.union160fvsl34ngsz8q00q7xsdkmnf3rp8u3720uhh3plykhjs0qv86dq0m83cy/channel-17/1944,true,1697815030,368
wasm.union160fvsl34ngsz8q00q7xsdkmnf3rp8u3720uhh3plykhjs0qv86dq0m83cy/channel-17/1737,true,1697813492,461
wasm.union160fvsl34ngsz8q00q7xsdkmnf3rp8u3720uhh3plykhjs0qv86dq0m83cy/channel-17/1825,true,1697814261,536
ucs01-relay/channel-0/214,true,1697815534,504
wasm.union160fvsl34ngsz8q00q7xsdkmnf3rp8u3720uhh3plykhjs0qv86dq0m83cy/channel-17/1888,true,1697814647,424
wasm.union160fvsl34ngsz8q00q7xsdkmnf3rp8u3720uhh3plykhjs0qv86dq0m83cy/channel-17/1679,true,1697813110,535
ucs01-relay/channel-0/251,false,,
wasm.union160fvsl34ngsz8q00q7xsdkmnf3rp8u3720uhh3plykhjs0qv86dq0m83cy/channel-17/2018,true,1697815413,168
